day,session_start_hour,session_duration_minutes,time_since_last_session_hours,is_weekend
0,13.292787582875413,1.0434374726666138,1.0054351278412899,False
0,6.276540843840459,65.72213769595066,1.1582132615114886,False
0,23.476884810817936,4.087300729000397,0.1467405232452731,False
0,7.635311837440683,11.67508705277159,3.6663173086691936,False
0,4.833148982378945,77.31528547037199,0.002268801144984938,False
0,6.42476121022847,120.0,1.3604641045060073,False
1,12.121948095703523,1.338375947807567,0.7314141303361413,False
1,22.362069532693095,85.92320725367514,0.48818059736283576,False
1,0.43520425545363217,1.7464724587580944,2.025384870738615,False
1,16.9977303610135,13.578429137495366,0.8100214159431165,False
1,23.057756008379968,57.365699464501965,4.022845343975795,False
1,19.09581157644185,8.016573697161355,0.5036412470932567,False
2,2.5678096995172837,114.80965846643214,6.472745158585165,False
2,2.5161050562473948,50.79185744264773,2.9233259359322505,False
2,14.677878857237975,77.03087194511943,0.7470688754182384,False
2,22.079517643368764,13.41486217257819,0.6747981878915404,False
2,5.519493214521742,12.612009808687926,0.7921714734153467,False
2,1.7558167656921544,13.217744130516365,2.6590801849358887,False
3,22.389168839399186,19.362316709279764,0.29469385141840887,False
3,14.13863787756134,43.44534524635946,2.3020659098987246,False
3,21.506527063966107,65.74510785624116,0.3117426283179206,False
3,16.454324676699287,42.096471816279305,0.2435737491611899,False
3,16.875302112771585,8.734096749015213,1.1526433076179279,False
3,0.09565975826846707,17.55110507430836,0.6271052744407706,False
4,3.8599164711429887,2.987401067685589,2.60764887527047,False
4,1.2812166718604683,25.50196497114054,0.07608010535979044,False
4,7.489964140282582,42.18421277067507,7.00917557167176,False
4,3.3754493116800512,74.39809160812939,2.9732547728487826,False
4,15.137963984679043,22.95884025976594,0.35599826420475245,False
4,23.732843946026982,18.219420097355496,0.9825455257407835,False
5,10.649076558376347,1.8347080217131337,2.716304445527164,True
5,19.85250373277408,37.643875055165225,8.041594570796882,True
5,17.429053197804308,14.537659448846293,2.970046260559826,True
5,22.515433862144516,8.314293997066171,2.315351316675156,True
5,15.501193906787346,23.502009648282268,4.181154348459275,True
5,19.68236606315564,30.54134261645169,0.6053365452247638,True
5,7.095544782063075,1.0,1.6380373597520053,True
5,0.8900665383131212,48.46672881645545,2.5309812454082317,True
5,19.79470931868535,51.26175839770054,2.746748864405808,True
6,21.359515632641752,81.15908659715032,0.49808576043981995,True
6,1.7350730422499518,76.33439331268904,2.258514949297534,True
6,7.0511740200924455,9.928023452384645,3.0284246867131985,True
6,3.5826477738434477,8.177285836803993,0.2273200680002983,True
6,12.481923492709146,5.0223486892788,3.2079666870222967,True
6,17.95570080489498,66.95442668471381,1.9431996591456835,True
6,12.216522858779737,17.140855701502915,0.6427733476234138,True
6,6.0098963190695285,9.055478668472999,0.31484468542212896,True
6,8.688390199277343,31.413725649732896,0.40362421674273746,True
7,22.260937039694156,72.34303323426113,0.21824795484850223,False
7,17.366902743070213,6.118696536189532,0.10877939666943029,False
7,9.851187723481939,25.108831301266452,0.5464665038558936,False
7,0.20438387967307747,18.517590982502902,2.9122506116769364,False
7,23.574975996269654,11.544443305133084,3.3106880226930078,False
7,0.18245262619358016,11.946038287063402,0.611729842153739,False
8,22.146898015618312,33.33748399327717,0.23666629031192216,False
8,23.603130148116584,3.875858771896849,1.4460784193348792,False
8,4.338917423085201,1.0,1.1492587581069185,False
8,6.876274431245693,25.382414215104916,1.0471170412881678,False
8,15.92068800579439,24.111602171641476,1.5488175702786144,False
8,2.353317554084061,35.80914172653023,4.930214331901017,False
9,17.09402239540861,47.059872636297364,1.3918134236768411,False
9,20.831993257242143,40.146292133924625,1.0471180571993892,False
9,17.237838683381163,10.475652397789933,1.113134634761559,False
9,17.86551275119778,4.8938713504191975,2.5616095753851202,False
9,19.260308704488473,24.093632706050062,1.9792163120487738,False
9,11.6520877741425,4.211505975509587,6.652647723524559,False
10,3.180717479392798,12.121992993588066,1.4805420928697859,False
10,8.600764360430933,5.439142561089439,4.104100847177237,False
10,13.502516669507251,26.019710055543843,0.06323718653148731,False
10,23.251289768189835,56.39237202567999,0.45891443670747306,False
10,22.888474696621188,5.474275265824358,4.052108740620918,False
10,8.076022700498172,66.5151267418642,2.285643029584391,False
11,17.579879467688052,31.014479201159766,2.3326446836781094,False
11,21.284199254294613,39.90984217374391,1.250290057120568,False
11,14.80918816219982,12.214106569952936,2.1149079279326837,False
11,9.642974659333596,13.077373021561034,3.943532815727266,False
11,9.586971959552901,28.481777318006355,1.7424538565842689,False
11,18.056492309444828,13.34983745298731,0.36616306733008636,False
12,20.996686606227748,7.834283042625331,2.2934006384346235,True
12,22.639500673581615,9.382127713263232,0.812295250933719,True
12,14.082421896573287,10.991101678971534,0.5641525035637,True
12,9.087516598399937,49.75285053147892,4.006803885069296,True
12,4.527429126748854,19.21167978338015,1.356005494836642,True
12,1.7389440309497672,6.240388776924496,0.8827661822989471,True
12,7.651492116133458,1.0778727940339965,0.43018884272878855,True
12,14.807554100395482,2.8854295361154376,2.7043067363083093,True
12,10.118291750287051,23.728046136984933,6.391946514764704,True
13,18.085676279794114,18.64725500210575,1.7561329543901363,True
13,14.947889771286786,6.428339394702909,0.8271027879373783,True
13,7.544017399297299,2.7662724253782534,1.8476841051972803,True
13,20.73922830674237,2.5533609969390767,1.6860106439513705,True
13,3.989765786156699,14.225683179630124,0.008000501471159233,True
13,14.145934453603324,47.1506641610491,2.6463308369581457,True
13,20.4071399296882,20.570181032837652,0.3693849266660409,True
13,17.006004724474103,67.17354365527191,1.0831347758682421,True
13,22.95150521836062,122.54764384232874,1.773197117183213,True
14,16.376418813979853,26.317965631656868,0.7272289024324172,False
14,13.393813735574987,2.9638502029963973,2.324222602749803,False
14,22.294206128999704,111.4534819025064,1.1653975135262429,False
14,0.8553259282793393,7.388835465762898,0.18817734265780586,False
14,21.417692904414043,7.2210264347005015,0.2758036276341661,False
14,5.628777381175827,4.887151019363169,9.550467090357108,False
15,19.715860120884706,17.818931927641394,2.2562746640438958,False
15,8.703233780972376,10.294886014721293,1.5732526218673362,False
15,8.110914994136628,35.46492775065716,0.7438541336829092,False
15,7.504165396479459,60.21009328956542,0.5508118911201886,False
15,2.1903685303992946,9.865666120086546,0.4250736151155824,False
15,11.76626521635293,18.944155064994977,0.6835918244912556,False
16,21.051087433440102,6.819252090448192,3.6835776746027435,False
16,4.644470043664767,28.02843438188312,3.477136856367388,False
16,10.025115751399372,1.0,1.3196078181838948,False
16,8.187227665663048,106.91249353663858,0.19386005333837109,False
16,10.738529111109553,43.874062146750845,6.255641890807725,False
16,20.58353505095795,249.28082538087935,2.588891012817676,False
17,2.929037677741043,43.22202252011428,0.04642146768743157,False
17,0.6387285605549167,15.393841236149598,0.6581895596797932,False
17,15.800910310946957,5.454196106682712,3.0390130618848405,False
17,2.91424802435837,1.6390668913844222,2.7175397160978108,False
17,8.266212866107827,18.930702178487113,2.0024208002855315,False
17,4.33412017923122,37.13712635048177,0.7084255822572748,False
18,12.179205055303616,41.001675054442266,0.43805069000208585,False
18,22.270110506132447,125.51397769408207,7.949961521650244,False
18,17.720498092548393,1.750424427078559,0.33344152562610296,False
18,13.789809016379804,4.535136152109319,0.32743379516882287,False
18,13.02739813699787,8.941012163937993,1.3093884439342138,False
18,3.434489441533292,4.622778813612088,0.007694156877570994,False
19,5.55812192867646,5.87713263908425,3.7395626896108802,True
19,2.5951568644577705,13.70261368685108,1.0418189216040554,True
19,17.649779762110278,32.03006249871541,0.25826691473699104,True
19,10.124594956294304,34.70308577994326,1.3176877813713297,True
19,3.2046569570935297,3.998529044265263,0.44951280766959695,True
19,17.143095742361282,20.90134867425158,1.3998665626285332,True
19,10.797133707402665,7.965923247064158,3.003056999050633,True
19,21.769229826115087,91.75387163264779,1.1947674413655218,True
19,4.9390446120148725,14.460555943360339,1.613858257092925,True
20,23.12913594213736,32.188798814798496,1.5841639435141728,True
20,13.453688435181796,7.694113937160709,0.12345319231531413,True
20,15.411200086320267,17.325315317543353,0.6020946701333169,True
20,4.620317736272274,3.5661035897951936,0.35070523200055076,True
20,19.832696531873538,1.6520757724070148,4.798251435399798,True
20,9.814047814274662,2.421827004955482,0.46935113459423033,True
20,10.555265248119667,2.3837376789447733,0.041097665965896445,True
20,13.623567318983671,1.0725062218180645,3.471233362726221,True
20,8.897258511672694,7.165260999689948,0.4119958175547117,True
21,12.275655180918644,1.0,5.483038703612547,False
21,22.395788854732057,32.285241356634266,2.5566832452561097,False
21,18.49294012805858,3.799817371020093,2.240747075703769,False
21,22.720037006224796,34.41099407155259,2.1606653594083687,False
21,13.964838819736526,17.542016692314302,2.537095559272763,False
21,2.733770356186376,108.63189446577614,1.5418204709129646,False
22,22.23814300774459,187.16386726044584,0.2215922230391568,False
22,23.817393959855945,120.0,0.5740273978830227,False
22,23.546451544687066,8.15966336348771,10.899067312499136,False
22,0.20719179439612478,25.66238763880174,3.6049079496691863,False
22,8.171146662630868,22.207052762549242,0.19537515996187566,False
22,5.328667857080822,10.383267869976354,2.6781417175994697,False
23,4.335801027652199,23.446208620370285,0.14848628849906775,False
23,17.08669256921512,5.91795833441082,3.813450218497071,False
23,5.034621315933006,63.85525395932938,0.3133190981627178,False
23,7.713202361957715,14.513193751787052,1.2120307316047159,False
23,13.266843790917976,26.772744078477977,2.3049639494556424,False
23,4.26206702504121,32.93019112174574,4.11977455368024,False
24,10.587990476605114,2.3333524302015114,4.463671766302817,False
24,17.321261427447258,105.04727387281706,1.6876349736454186,False
24,3.495707341284425,4.007701925199731,1.9725000313593108,False
24,8.519595167511405,4.362929486064305,1.3933136528943517,False
24,21.779558473091917,25.380514003439824,5.697524449093476,False
24,18.49308566902878,202.1235255338585,5.842791668387773,False
25,3.6737788589029874,26.688970554933178,3.001621944483495,False
25,21.816377238479078,148.4156935573144,0.5477829908584887,False
25,0.8463666222687118,20.32559940419786,1.4630122508096073,False
25,5.8409506678066725,8.304016041694329,1.2320216296646618,False
25,9.3782022572447,22.140689415285745,3.696157053440564,False
25,3.891064851193196,32.82255104306627,2.936341319475532,False
26,16.319381041217117,6.035173947874749,0.17834146116006921,True
26,11.039782799017928,47.98852727394008,6.817912084965924,True
26,18.949755621165142,26.329929822662827,1.6268242710000063,True
26,0.899848563948229,88.33118704701782,4.460541736859879,True
26,12.204957187727473,2.6384569010027263,1.2379174015285312,True
26,14.934036507142876,3.946021760586592,3.55465690636229,True
26,22.309138172019082,18.117895234305376,0.3486480081093774,True
26,1.1017171899663536,4.582639146918939,2.3275053001175583,True
26,16.256146501601297,1.8063954447697121,0.6400034702882309,True
27,1.0527854662212288,5.204957369818398,3.145835498413641,True
27,14.007912273516895,2.5387980508743406,0.7570418485589298,True
27,9.283253219152005,120.0,0.2076182019021688,True
27,15.573742615264216,23.738134081446454,1.2699579432269936,True
27,16.80062519105657,5.411577694801188,1.6546437548994541,True
27,6.538827355624365,7.495200101024005,11.868684072793243,True
27,20.07930426390024,31.996787242510095,0.9344016020098799,True
27,7.556625673919375,8.377861615616178,0.6908954869492648,True
27,0.3474307858136827,5.126682363565795,4.204034912238823,True
28,11.761089059669775,24.63709765286807,3.6496630897538442,False
28,0.6093218923238233,7.244355802826715,0.6367337990372847,False
28,5.6359924279078975,9.809249347397238,3.5902308660201103,False
28,4.461131518028676,16.436609424354025,0.04747222339634285,False
28,20.054164362249885,169.53712782835527,1.950566981155222,False
28,1.0029604480694214,6.723397452470023,0.9773368554065187,False
29,1.1228100700432861,2.9465861564361027,1.3101962491283075,False
29,10.716834064111339,19.13072076703235,3.593514741895299,False
29,10.85680734722333,30.634256558223807,2.509540894756011,False
29,15.02416811680754,8.196312475098194,5.543739764692922,False
29,11.292851219806025,21.05134890317117,4.906606190926889,False
29,19.94503770283294,20.609753121832004,2.5729923220833966,False
